<?xml version="1.0" encoding="UTF-8"?>
<beans xmlns="http://www.springframework.org/schema/beans" xmlns:mvc="http://www.springframework.org/schema/mvc" xmlns:xsi="http://www.w3.org/2001/XMLSchema-instance" xmlns:p="http://www.springframework.org/schema/p" xmlns:context="http://www.springframework.org/schema/context" xsi:schemaLocation="http://www.springframework.org/schema/beans                http://www.springframework.org/schema/beans/spring-beans-3.0.xsd        http://www.springframework.org/schema/mvc           http://www.springframework.org/schema/mvc/spring-mvc.xsd        http://www.springframework.org/schema/context               http://www.springframework.org/schema/context/spring-context-3.0.xsd">        
    <context:component-scan base-package="com" />
         
    <!-- Resolves Views Selected For Rendering by @Controllers to *.jsp Resources in the /WEB-INF/ Folder -->
    <bean class="org.springframework.web.servlet.view.InternalResourceViewResolver">
        <property name="prefix" value="/WEB-INF/views/" />
        <property name="suffix" value=".jsp" />
    </bean>
    
       <mvc:resources mapping="/resources/**" location="/resources/theme1/"  
       cache-period="31556926"/>

    <mvc:annotation-driven />
   
                   
</beans>

<!-- <?xml version="1.0" encoding="UTF-8"?>
<beans xmlns="http://www.springframework.org/schema/beans"
       xmlns:xsi="http://www.w3.org/2001/XMLSchema-instance"
       xmlns:p="http://www.springframework.org/schema/p"
       xmlns:aop="http://www.springframework.org/schema/aop"
       xmlns:tx="http://www.springframework.org/schema/tx"
       xmlns:mvc="http://www.springframework.org/schema/mvc"
       xmlns:context="http://www.springframework.org/schema/context"
       xsi:schemaLocation="http://www.springframework.org/schema/beans http://www.springframework.org/schema/beans/spring-beans-3.0.xsd
       http://www.springframework.org/schema/context http://www.springframework.org/schema/context/spring-context-3.0.xsd
       http://www.springframework.org/schema/aop http://www.springframework.org/schema/aop/spring-aop-3.0.xsd
       http://www.springframework.org/schema/tx http://www.springframework.org/schema/tx/spring-tx-3.0.xsd
       http://www.springframework.org/schema/mvc http://www.springframework.org/schema/mvc/spring-mvc-3.0.xsd">

   
    Specifying base package of the Components like Controller, Service,
        DAO
    <context:component-scan base-package="com" />
 
    
    <mvc:annotation-driven />
 
    Specifying the Resource location to load JS, CSS, Images etc
    <mvc:resources mapping="/resources/**" location="/resources/" />
 
    View Resolver
    <bean
        class="org.springframework.web.servlet.view.InternalResourceViewResolver">
        <property name="prefix" value="/WEB-INF/pages/" />
        <property name="suffix" value=".jsp" />
    </bean>
 
    DataSource
    <bean class="org.springframework.jdbc.datasource.DriverManagerDataSource"
        id="dataSource">
        
         Database Connection Settings
        <property name="driverClassName" value="com.mysql.jdbc.Driver"></property>
        <property name="url" value="jdbc:mysql://localhost:3306/detail"></property>
        <property name="username" value="root"></property>
        <property name="password" value="password-1"></property>         
    </bean>
 
    Hibernate SessionFactory
    <bean id="sessionFactory"
        class="org.springframework.orm.hibernate4.LocalSessionFactoryBean">
        <property name="dataSource" ref="dataSource"></property>
        <property name="hibernateProperties">
            <props>
                <prop key="hibernate.dialect">org.hibernate.dialect.MySQLDialect</prop>
                <prop key="hibernate.hbm2ddl.auto">create</prop>
                <prop key="hibernate.format_sql">true</prop>
                <prop key="hibernate.show_sql">true</prop>               
                
            </props>
        </property>
        <property name="packagesToScan" value="com.model"></property>
    </bean>
 
    Transaction
    <bean id="transactionManager"
        class="org.springframework.orm.hibernate4.HibernateTransactionManager">
        <property name="sessionFactory" ref="sessionFactory" />
    </bean>
 
    <tx:annotation-driven transaction-manager="transactionManager" />
</beans> -->