<?xml version = "1.0" encoding = "utf-8"?>
<!DOCTYPE hibernate-mapping PUBLIC 
"-//Hibernate/Hibernate Mapping DTD//EN"
"http://www.hibernate.org/dtd/hibernate-mapping-3.0.dtd"> 

<hibernate-mapping>
   <class name = "com.model.QuesAdding" table = "Question">
      
      <meta attribute = "class-description">
         This class contains the question detail. 
      </meta>
      
      <id name = "id" type = "int" column = "id">
         <generator class="native"/>
      </id>
      
      <property name = "mark" column = "mark" type = "int"/>
      <property name = "question" column = "question" type = "string"/>
        <property name = "a" column = "a" type = "string"/>
         <property name = "b" column = "b" type = "string"/>
           <property name = "c" column = "c" type = "string"/>
             <property name = "d" column = "d" type = "string"/>
               <property name = "selection" column = "selection" type = "string"/>
               <property name = "skill" column = "skill" type = "string"/>
               <property name = "level" column = "level" type = "string"/>
               <property name = "answer" column = "answer" type = "string"/>
   </class>
   
   	
  
</hibernate-mapping>